striker,innings,total_runs,balls_faced,fours,sixes,dismissals,avg_pressure,strike_rate,average,boundary_rate
A Ashish Reddy,23,280,193,16,15,15,69.20937823834197,145.08,18.67,16.06
A Badoni,56,1177,834,96,47,46,54.3323860911271,141.13,25.59,17.15
A Chandila,2,4,7,0,0,1,85.5657142857143,57.14,4.0,0.0
A Chopra,6,53,71,7,0,5,20.776901408450705,74.65,10.6,9.86
A Choudhary,3,25,20,1,1,2,86.697,125.0,12.5,10.0
A Dananjaya,1,4,5,0,0,0,80.422,80.0,4.0,0.0
A Flintoff,3,62,53,5,2,2,46.61415094339623,116.98,31.0,13.21
A Kamboj,10,74,50,5,4,3,82.274,148.0,24.67,18.0
A Kumble,15,35,47,3,0,2,90.79659574468084,74.47,17.5,6.38
A Manohar,20,292,235,23,14,19,53.782000000000004,124.26,15.37,15.74
A Mhatre,13,440,239,51,23,12,24.941255230125524,184.1,36.67,30.96
A Mishra,55,380,417,31,5,30,72.46820143884892,91.13,12.67,8.63
A Mithun,6,34,26,4,1,5,79.43923076923078,130.77,6.8,19.23
A Mukund,2,19,22,1,0,2,16.655,86.36,9.5,4.55
A Nehra,17,39,60,3,1,8,90.60733333333333,65.0,4.88,6.67
A Nortje,14,49,50,6,0,6,91.0642,98.0,8.17,12.0
A Raghuvanshi,30,885,606,86,35,25,36.300148514851486,146.04,35.4,19.97
A Singh,5,2,9,0,0,4,86.08999999999999,22.22,0.5,0.0
A Symonds,36,973,745,74,41,25,45.62253691275168,130.6,38.92,15.44
A Tomar,1,4,8,1,0,1,35.5625,50.0,4.0,12.5
A Uniyal,2,4,7,0,0,1,79.26428571428572,57.14,4.0,0.0
A Zampa,5,15,24,1,0,5,78.33125,62.5,3.0,4.17
AA Bilakhia,7,69,84,5,0,5,39.04559523809524,82.14,13.8,5.95
AA Chavan,3,12,11,2,0,1,75.94272727272727,109.09,12.0,18.18
AA Jhunjhunwala,15,217,209,19,5,14,49.52641148325359,103.83,15.5,11.48
AA Kulkarni,4,26,33,3,0,4,16.387272727272727,78.79,6.5,9.09
AA Noffke,1,9,10,1,0,1,78.60499999999999,90.0,9.0,10.0
AB Agarkar,18,177,151,13,5,8,68.86331125827815,117.22,22.12,11.92
AB Barath,3,42,42,5,1,2,33.62238095238096,100.0,21.0,14.29
AB Dinda,16,26,48,2,0,9,91.11145833333335,54.17,2.89,4.17
AB McDonald,9,123,100,9,4,5,57.6906,123.0,24.6,13.0
AB de Villiers,170,5148,3400,412,250,125,41.82618529411765,151.41,41.18,19.47
AC Blizzard,7,120,90,21,2,7,18.355555555555554,133.33,17.14,25.56
AC Gilchrist,80,2046,1483,234,92,76,21.56211732973702,137.96,26.92,21.98
AC Thomas,4,20,19,1,1,2,87.66315789473684,105.26,10.0,10.53
AC Voges,7,181,143,15,3,6,59.78321678321678,126.57,30.17,12.59
AD Hales,6,147,117,13,6,6,23.67478632478632,125.64,24.5,16.24
AD Mascarenhas,11,79,78,5,1,10,61.913333333333334,101.28,7.9,7.69
AD Mathews,41,722,573,44,29,31,57.94687609075043,126.0,23.29,12.74
AD Nath,10,90,98,7,2,10,45.85918367346939,91.84,9.0,9.18
AD Russell,114,2632,1508,184,222,92,60.77856100795756,174.54,28.61,26.92
AF Milne,7,25,31,0,1,5,80.65612903225806,80.65,5.0,3.23
AG Murtaza,3,10,14,1,0,1,90.73785714285714,71.43,10.0,7.14
AG Paunikar,5,48,55,9,0,5,13.049454545454546,87.27,9.6,16.36
AJ Finch,90,2083,1626,214,77,84,29.9609963099631,128.11,24.8,17.9
AJ Hosein,3,21,13,1,1,0,77.1676923076923,161.54,21.0,15.38
AJ Turner,6,24,28,0,2,5,55.95964285714286,85.71,4.8,7.14
AJ Tye,13,91,75,6,5,8,77.95066666666666,121.33,11.38,14.67
AK Markram,66,1664,1228,131,67,55,37.39048859934853,135.5,30.25,16.12
AL Menaria,23,395,354,24,17,22,46.443079096045196,111.58,17.95,11.58
AM Ghazanfar,1,2,3,0,0,0,96.3,66.67,2.0,0.0
AM Nayar,50,664,573,54,20,39,50.4055497382199,115.88,17.03,12.91
AM Rahane,197,5365,4269,540,141,178,27.39174279690794,125.67,30.14,15.95
AN Ahmed,6,36,26,4,1,1,87.64846153846155,138.46,36.0,19.23
AN Ghosh,2,7,8,1,0,2,18.985,87.5,3.5,12.5
AP Dole,2,34,22,3,1,2,88.07181818181817,154.55,17.0,18.18
AP Majumdar,4,87,76,7,2,4,43.58934210526316,114.47,21.75,11.84
AP Tare,27,339,272,40,11,24,25.07518382352941,124.63,14.12,18.75
AR Bawne,1,12,12,1,0,0,72.5675,100.0,12.0,8.33
AR Patel,134,2075,1556,145,99,99,59.69662596401028,133.35,20.96,15.68
AS Joseph,5,27,32,3,0,1,84.1159375,84.38,27.0,9.38
AS Rajpoot,7,26,41,2,1,4,89.84463414634146,63.41,6.5,7.32
AS Raut,16,194,167,13,7,11,67.33383233532935,116.17,17.64,11.98
AS Roy,14,78,64,6,2,9,67.1109375,121.88,8.67,12.5
AS Yadav,6,49,39,5,2,7,71.49538461538462,125.64,7.0,17.95
AT Carey,3,32,29,0,1,2,64.82103448275862,110.34,16.0,3.45
AT Rayudu,185,4325,3391,358,171,152,41.734379239162486,127.54,28.45,15.6
AU Rashid,2,21,15,2,1,2,80.118,140.0,10.5,20.0
AUK Pathan,7,39,23,5,2,5,50.86217391304348,169.57,7.8,30.43
Abdul Basith,1,1,1,0,0,0,88.0,100.0,1.0,0.0
Abdul Samad,58,854,575,54,55,46,64.98789565217392,148.52,18.57,18.96
Abdur Razzak,1,0,2,0,0,0,95.95,0.0,0.0,0.0
Abhishek Sharma,88,2371,1381,224,143,81,28.235698769007964,171.69,29.27,26.57
Abishek Porel,33,768,528,80,28,32,33.35390151515151,145.45,24.0,20.45
Akash Deep,5,25,14,2,2,3,89.92214285714286,178.57,8.33,28.57
Akash Madhwal,2,8,14,0,0,0,91.38428571428572,57.14,8.0,0.0
Akshat Raghuwanshi,2,29,25,1,1,3,51.906800000000004,116.0,9.67,8.0
Aman Hakim Khan,10,115,104,8,6,9,64.95951923076923,110.58,12.78,13.46
Aniket Verma,20,315,196,18,25,15,55.5309693877551,160.71,21.0,21.94
Anirudh Singh,4,63,66,6,1,4,42.09727272727273,95.45,15.75,10.61
Ankit Sharma,10,87,67,7,4,7,50.50507462686567,129.85,12.43,16.42
Ankit Soni,3,7,9,0,1,2,85.70333333333333,77.78,3.5,11.11
Anmolpreet Singh,9,139,115,19,3,9,22.323652173913043,120.87,15.44,19.13
Anuj Rawat,21,318,267,26,14,14,46.75408239700375,119.1,22.71,14.98
Anureet Singh,8,36,47,2,1,4,88.27893617021276,76.6,9.0,6.38
Arjun Tendulkar,2,18,14,0,1,1,87.13214285714285,128.57,18.0,7.14
Arshad Khan,11,127,89,6,9,6,78.22303370786517,142.7,21.17,16.85
Arshad Khan (2),1,5,4,1,0,1,80.0,125.0,5.0,25.0
Arshdeep Singh,14,32,47,4,0,6,91.36787234042554,68.09,5.33,8.51
Ashok Sharma,2,1,4,0,0,0,88.83250000000001,25.0,1.0,0.0
Ashutosh Sharma,26,557,328,39,39,20,67.44521341463414,169.82,27.85,23.78
Ashwani Kumar,1,1,6,0,0,0,95.24333333333334,16.67,1.0,0.0
Atharva Taide,10,260,177,30,8,9,33.232542372881355,146.89,28.89,21.47
Auqib Nabi,2,10,3,1,1,1,61.06,333.33,10.0,66.67
Avesh Khan,15,68,43,7,4,3,86.58162790697675,158.14,22.67,25.58
Azhar Mahmood,21,388,303,39,13,19,49.00775577557756,128.05,20.42,17.16
Azmatullah Omarzai,11,151,101,11,10,10,59.51455445544555,149.5,15.1,20.79
B Akhil,11,76,55,5,5,7,64.72763636363636,138.18,10.86,18.18
B Chipli,21,280,250,28,7,16,43.07668,112.0,17.5,14.0
B Indrajith,3,21,30,2,0,3,24.838,70.0,7.0,6.67
B Kumar,75,354,376,34,4,37,83.65994680851064,94.15,9.57,10.11
B Laughlin,4,5,13,0,0,2,81.01307692307692,38.46,2.5,0.0
B Lee,19,124,96,8,8,10,76.385625,129.17,12.4,16.67
B Sai Sudharsan,54,2412,1621,244,81,48,31.7505367057372,148.8,50.25,20.05
B Stanlake,1,5,2,1,0,0,80.33500000000001,250.0,5.0,50.0
B Sumanth,4,35,37,3,0,1,70.98945945945947,94.59,35.0,8.11
BA Bhatt,2,6,7,0,1,0,94.92142857142858,85.71,6.0,14.29
BA Stokes,43,934,695,81,32,41,42.25145323741007,134.39,22.78,16.26
BAW Mendis,3,3,6,0,0,2,90.60666666666667,50.0,1.5,0.0
BB McCullum,109,2857,2176,290,128,106,23.836098345588233,131.3,26.95,19.21
BB Samantray,8,125,113,13,2,5,49.334070796460175,110.62,25.0,13.27
BB Sran,6,9,13,0,0,1,79.94384615384615,69.23,9.0,0.0
BCJ Cutting,17,238,141,15,19,11,68.89198581560284,168.79,21.64,24.11
BE Hendricks,2,1,3,0,0,1,85.0,33.33,1.0,0.0
BJ Haddin,1,18,11,2,1,1,5.500909090909091,163.64,18.0,27.27
BJ Hodge,63,1399,1112,122,43,46,47.252248201438846,125.81,30.41,14.84
BJ Rohrer,8,193,141,21,5,7,53.39801418439716,136.88,27.57,18.44
BKG Mendis,1,20,10,1,2,1,38.788,200.0,20.0,30.0
BMAJ Mendis,3,23,27,0,0,3,51.662962962962965,85.19,7.67,0.0
BR Dunk,3,40,35,7,0,3,21.194571428571425,114.29,13.33,20.0
BR Sharath,1,2,5,0,0,1,39.757999999999996,40.0,2.0,0.0
Basil Thampi,7,32,35,1,1,2,85.27971428571429,91.43,16.0,5.71
Bipul Sharma,17,187,123,11,9,6,76.43617886178862,152.03,31.17,16.26
Brijesh Sharma,2,2,4,0,0,0,90.30250000000001,50.0,2.0,0.0
C Bosch,6,97,63,8,5,3,77.60904761904762,153.97,32.33,20.63
C Connolly,13,487,299,42,32,11,40.85414715719063,162.88,44.27,24.75
C Green,42,1021,677,84,48,28,42.42475627769572,150.81,36.46,19.5
C Madan,1,14,18,3,0,1,4.97,77.78,14.0,16.67
C Munro,11,177,141,19,8,9,25.800141843971634,125.53,19.67,19.15
C Nanda,1,0,1,0,0,1,66.22,0.0,0.0,0.0
C Sakariya,7,20,30,3,0,5,86.97133333333333,66.67,4.0,10.0
C de Grandhomme,21,297,224,18,17,15,59.957589285714285,132.59,19.8,15.62
CA Ingram,15,205,179,22,5,12,40.26150837988827,114.53,17.08,15.08
CA Lynn,42,1317,941,131,65,39,26.111859723698192,139.96,33.77,20.83
CA Pujara,22,390,390,50,4,18,25.955589743589744,100.0,21.67,13.85
CH Gayle,141,4956,3331,407,354,127,25.608700090063046,148.78,39.02,22.85
CH Morris,49,612,397,41,34,29,70.73438287153652,154.16,21.1,18.89
CJ Anderson,29,538,421,40,31,22,46.30743467933492,127.79,24.45,16.86
CJ Ferguson,8,98,117,9,0,6,40.526923076923076,83.76,16.33,7.69
CJ Jordan,12,81,77,3,3,9,75.53805194805196,105.19,9.0,7.79
CJ McKay,1,8,15,0,0,1,61.580000000000005,53.33,8.0,0.0
CK Kapugedera,3,16,22,0,0,3,59.95863636363636,72.73,5.33,0.0
CK Langeveldt,2,8,9,0,1,2,91.35777777777778,88.89,4.0,11.11
CL White,45,962,757,74,38,35,43.06107001321004,127.08,27.49,14.8
CM Gautam,13,169,149,17,6,9,42.945906040268454,113.42,18.78,15.44
CR Brathwaite,14,180,110,10,16,14,65.63,163.64,12.86,23.64
CR Woakes,12,78,77,7,2,5,73.00805194805194,101.3,15.6,11.69
CRD Fernando,2,4,3,0,0,1,96.0,133.33,4.0,0.0
CV Varun,13,31,53,3,0,4,90.5111320754717,58.49,7.75,5.66
D Brevis,24,606,415,38,43,24,41.93932530120482,146.02,25.25,19.52
D Ferreira,14,276,171,23,19,11,60.65842105263158,161.4,25.09,24.56
D Kalyankrishna,1,3,8,0,0,1,79.74,37.5,3.0,0.0
D Padikkal,87,2235,1677,236,80,83,27.50293977340489,133.27,26.93,18.84
D Pretorius,5,44,28,3,3,4,82.51571428571428,157.14,11.0,21.43
D Salunkhe,3,33,24,5,0,1,79.23291666666667,137.5,33.0,20.83
D Wiese,11,147,100,12,7,6,72.2205,147.0,24.5,19.0
D du Preez,1,10,13,0,0,1,73.4,76.92,10.0,0.0
DA Miller,143,3273,2349,233,151,95,52.094171988080035,139.34,34.45,16.35
DA Payne,1,6,5,0,0,0,91.422,120.0,6.0,0.0
DA Warner,184,6537,4680,661,233,164,27.86803846153846,139.68,39.86,19.1
DAJ Bracewell,1,12,9,1,0,0,86.23555555555555,133.33,12.0,11.11
DB Das,22,304,260,23,16,12,50.34103846153846,116.92,25.33,15.0
DB Ravi Teja,25,373,315,35,9,20,49.67273015873016,118.41,18.65,13.97
DE Bollinger,4,21,22,1,1,1,88.29863636363636,95.45,21.0,9.09
DG Nalkande,2,12,12,0,1,2,53.629999999999995,100.0,6.0,8.33
DH Yagnik,17,168,133,23,2,9,60.42992481203008,126.32,18.67,18.8
DJ Bravo,110,1546,1196,119,65,69,53.541095317725755,129.26,22.41,15.38
DJ Harris,4,111,101,11,5,3,20.98118811881188,109.9,37.0,15.84
DJ Hooda,101,1480,1167,96,61,81,46.74101113967438,126.82,18.27,13.45
DJ Hussey,61,1316,1070,89,60,48,45.014037383177566,122.99,27.42,13.93
DJ Jacobs,7,92,98,10,4,7,8.415204081632652,93.88,13.14,14.29
DJ Malan,1,26,26,1,1,1,33.988076923076925,100.0,26.0,7.69
DJ Mitchell,15,351,267,28,10,13,39.465393258426964,131.46,27.0,14.23
DJ Muthuswami,1,1,3,0,0,1,90.61666666666667,33.33,1.0,0.0
DJ Thornely,4,39,53,2,2,3,24.827358490566034,73.58,13.0,7.55
DJ Willey,5,53,62,7,0,3,63.88935483870968,85.48,17.67,11.29
DJG Sammy,20,295,241,15,18,15,55.31431535269709,122.41,19.67,13.69
DJM Short,7,115,99,11,5,7,20.01878787878788,116.16,16.43,16.16
DL Chahar,20,142,103,8,9,10,74.27349514563107,137.86,14.2,16.5
DL Vettori,16,121,112,11,2,7,63.965089285714285,108.04,17.29,11.61
DM Bravo,1,6,5,1,0,0,30.972,120.0,6.0,20.0
DNT Zoysa,2,11,9,1,0,1,84.75,122.22,11.0,11.11
DP Conway,28,1079,770,117,34,25,26.141181818181817,140.13,43.16,19.61
DP Nannes,2,4,13,0,0,1,89.89769230769231,30.77,4.0,0.0
DP Vijaykumar,1,1,1,0,0,0,97.0,100.0,1.0,0.0
DPMD Jayawardene,78,1806,1462,200,40,64,35.27841997264022,123.53,28.22,16.42
DR Martyn,1,19,24,1,0,2,41.458333333333336,79.17,9.5,4.17
DR Sams,13,44,44,1,3,10,62.34045454545455,100.0,4.4,9.09
DR Shorey,2,13,17,0,1,2,39.98647058823529,76.47,6.5,5.88
DR Smith,88,2379,1755,244,117,81,26.82449002849003,135.56,29.37,20.57
DS Kulkarni,20,104,108,7,2,9,86.94962962962963,96.3,11.56,8.33
DS Lehmann,2,18,18,3,0,2,39.24333333333333,100.0,9.0,16.67
DS Rathi,3,3,8,0,0,1,93.00125,37.5,3.0,0.0
DT Christian,41,452,394,23,18,28,57.0988578680203,114.72,16.14,10.41
DT Patil,2,13,13,1,0,1,75.80615384615385,100.0,13.0,7.69
DV Malewar,2,2,5,0,0,2,6.93,40.0,1.0,0.0
DW Steyn,33,167,160,14,3,22,86.253625,104.38,7.59,10.62
Dhruv Jurel,49,1138,748,92,59,36,50.769064171123,152.14,31.61,20.19
E Lewis,26,654,477,62,36,24,23.835492662473797,137.11,27.25,20.55
E Malinga,2,2,9,0,0,0,87.63222222222221,22.22,2.0,0.0
EJG Morgan,74,1406,1147,112,64,61,46.277785527462946,122.58,23.05,15.34
ER Dwivedi,2,24,14,2,2,2,48.235,171.43,12.0,28.57
F Behardien,3,14,13,2,0,2,70.41461538461539,107.69,7.0,15.38
F du Plessis,147,4763,3506,439,174,135,29.140855675984028,135.85,35.28,17.48
FA Allen,3,13,18,1,0,2,73.57444444444444,72.22,6.5,5.56
FH Allen,11,349,163,33,28,11,20.024662576687117,214.11,31.73,37.42
FH Edwards,2,4,5,0,0,1,82.474,80.0,4.0,0.0
FY Fazal,11,183,172,22,1,9,32.365697674418605,106.4,20.33,13.37
Fazalhaq Farooqi,3,5,15,0,0,0,95.736,33.33,5.0,0.0
G Coetzee,7,30,32,2,2,6,77.4315625,93.75,5.0,12.5
G Gambhir,151,4197,3394,490,58,134,25.161087212728344,123.66,31.32,16.15
GB Hogg,4,22,22,1,0,2,84.38772727272728,100.0,11.0,4.55
GC Smith,29,731,664,92,9,30,24.502018072289157,110.09,24.37,15.21
GC Viljoen,3,3,7,0,0,2,78.13714285714286,42.86,1.5,0.0
GD McGrath,2,4,5,1,0,1,94.054,80.0,4.0,20.0
GD Phillips,13,132,108,7,8,11,49.54555555555556,122.22,12.0,13.89
GF Linde,3,31,21,6,0,3,77.70571428571428,147.62,10.33,28.57
GH Vihari,23,281,319,23,1,20,37.3942946708464,88.09,14.05,7.52
GHS Garton,2,2,4,0,0,1,79.9025,50.0,2.0,0.0
GJ Bailey,36,660,541,59,19,29,46.22380776340111,122.0,22.76,14.42
GJ Maxwell,134,2812,1810,236,161,117,41.185475138121554,155.36,24.03,21.93
GR Napier,1,15,16,1,0,1,54.703125,93.75,15.0,6.25
Gulbadin Naib,1,19,15,1,1,1,65.878,126.67,19.0,13.33
Gurkeerat Singh,32,511,422,55,11,27,52.527417061611374,121.09,18.93,15.64
H Das,1,2,5,0,0,1,86.314,40.0,2.0,0.0
H Klaasen,59,2077,1243,144,119,48,50.064432823813355,167.1,43.27,21.16
HC Brook,11,186,153,22,4,9,33.70091503267974,121.57,20.67,16.99
HE van der Dussen,3,22,24,2,0,2,57.945,91.67,11.0,8.33
HF Gurney,1,1,5,0,0,0,89.214,20.0,1.0,0.0
HH Gibbs,36,886,805,83,31,32,26.4336149068323,110.06,27.69,14.16
HH Pandya,150,2951,2015,227,157,107,52.719186104218366,146.45,27.58,19.06
HM Amla,16,575,406,60,21,13,26.657783251231525,141.63,44.23,19.95
HR Shokeen,5,66,65,9,0,3,51.11507692307692,101.54,22.0,13.85
HV Patel,44,280,238,18,15,29,73.76109243697479,117.65,9.66,13.87
Harbhajan Singh,88,824,599,77,42,56,69.72781302170284,137.56,14.71,19.87
Harmeet Singh,4,18,12,3,0,2,90.15500000000002,150.0,9.0,25.0
Harpreet Brar,27,249,206,20,10,13,71.94694174757281,120.87,19.15,14.56
Harpreet Singh,8,119,118,9,3,6,54.41737288135593,100.85,19.83,10.17
Harsh Dubey,4,13,9,2,0,2,76.20111111111112,144.44,6.5,22.22
Harshit Rana,10,59,55,5,3,7,81.52745454545455,107.27,8.43,14.55
Himmat Singh,5,89,65,5,5,3,66.74307692307693,136.92,29.67,15.38
I Malhotra,1,7,4,1,0,0,74.3425,175.0,7.0,25.0
I Sharma,21,57,69,4,2,7,88.12188405797102,82.61,8.14,8.7
I Udana,4,15,11,1,1,3,80.49272727272728,136.36,5.0,18.18
IC Pandey,1,0,2,0,0,1,94.0,0.0,0.0,0.0
IK Pathan,82,1149,947,88,38,52,57.48003167898628,121.33,22.1,13.31
IR Jaggi,7,76,97,6,0,5,36.142680412371135,78.35,15.2,6.19
IS Sodhi,2,7,17,0,0,2,74.00941176470589,41.18,3.5,0.0
Imran Tahir,8,33,37,5,0,4,87.09540540540542,89.19,8.25,13.51
Iqbal Abdulla,13,87,82,9,1,1,76.48768292682927,106.1,87.0,12.2
Ishan Kishan,126,3558,2488,344,163,114,32.73050643086817,143.01,31.21,20.38
J Arunkumar,3,23,23,5,0,3,20.37086956521739,100.0,7.67,21.74
J Botha,28,408,358,39,5,22,46.14402234636872,113.97,18.55,12.29
J Fraser-McGurk,15,379,191,39,29,14,20.47780104712042,198.43,27.07,35.6
J Overton,8,147,92,13,7,5,76.87684782608696,159.78,29.4,21.74
J Suchith,9,70,61,6,3,4,80.79901639344261,114.75,17.5,14.75
J Syed Mohammad,5,29,26,4,0,2,65.3773076923077,111.54,14.5,15.38
J Theron,4,10,12,1,0,2,88.75416666666666,83.33,5.0,8.33
J Yadav,4,40,36,2,1,2,74.91333333333334,111.11,20.0,8.33
JA Morkel,67,967,683,61,54,40,60.33436310395315,141.58,24.18,16.84
JA Richardson,3,17,26,2,0,3,54.065000000000005,65.38,5.67,7.69
JC Archer,38,298,210,16,19,22,77.83028571428572,141.9,13.55,16.67
JC Buttler,133,4566,3051,452,207,116,32.57103900360538,149.66,39.36,21.6
JD Ryder,29,596,455,67,19,29,21.985670329670327,130.99,20.55,18.9
JD Unadkat,28,201,169,16,7,14,82.61881656804734,118.93,14.36,13.61
JDP Oram,11,106,107,6,5,8,58.73308411214953,99.07,13.25,10.28
JDS Neesham,10,92,93,6,2,8,63.9752688172043,98.92,11.5,8.6
JE Root,1,10,15,1,0,1,38.16133333333333,66.67,10.0,6.67
JE Taylor,2,3,3,0,0,0,81.56333333333333,100.0,3.0,0.0
JEC Franklin,16,327,300,25,9,11,38.5803,109.0,29.73,11.33
JG Bethell,9,163,116,21,6,9,20.81991379310345,140.52,18.11,23.28
JH Kallis,95,2419,2213,254,44,89,30.97298689561681,109.31,27.18,13.47
JJ Bumrah,29,75,85,6,1,8,90.36541176470588,88.24,9.38,8.24
JJ Roy,21,614,441,75,21,18,26.368752834467124,139.23,34.11,21.77
JJ van der Wath,3,18,16,1,1,2,87.48625,112.5,9.0,12.5
JL Denly,1,0,1,0,0,1,0.0,0.0,0.0,0.0
JL Pattinson,2,15,13,2,0,1,78.80846153846154,115.38,15.0,15.38
JM Bairstow,52,1672,1142,173,74,50,26.594019264448335,146.41,33.44,21.63
JM Kemp,2,26,24,1,1,2,50.459583333333335,108.33,13.0,8.33
JM Sharma,57,1074,704,84,66,48,52.59896306818182,152.56,22.38,21.31
JO Holder,32,317,253,15,21,24,61.39513833992095,125.3,13.21,14.23
JP Behrendorff,2,6,9,0,0,0,93.91111111111111,66.67,6.0,0.0
JP Duminy,75,2026,1631,126,79,49,46.63543225015328,124.22,41.35,12.57
JP Faulkner,45,524,385,36,23,28,67.91532467532468,136.1,18.71,15.32
JP Inglis,16,540,313,57,28,14,28.215303514376995,172.52,38.57,27.16
JPR Scantlebury-Searles,2,8,6,0,1,1,77.80833333333334,133.33,8.0,16.67
JR Hazlewood,8,19,30,1,0,1,86.82366666666667,63.33,19.0,3.33
JR Hopes,19,417,305,49,11,17,37.0692131147541,136.72,24.53,19.67
JR Philippe,5,78,77,9,1,4,15.205584415584415,101.3,19.5,12.99
Jaskaran Singh,4,8,11,0,0,2,84.39181818181818,72.73,4.0,0.0
Joginder Sharma,5,36,30,1,2,4,78.06099999999999,120.0,9.0,10.0
K Goel,16,218,231,17,9,13,30.97004329004329,94.37,16.77,11.26
K Gowtham,27,247,147,15,17,18,68.24755102040815,168.03,13.72,21.77
K Kartikeya,4,12,17,1,0,3,85.8135294117647,70.59,4.0,5.88
K Rabada,32,250,230,19,11,19,77.01195652173914,108.7,13.16,13.04
K Upadhyay,2,12,9,0,1,0,96.53333333333333,133.33,12.0,11.11
K Yadav,1,0,4,0,0,0,85.3325,0.0,0.0,0.0
KA Jamieson,10,77,73,6,4,4,73.63589041095891,105.48,19.25,13.7
KA Maharaj,1,1,2,0,0,1,63.34,50.0,1.0,0.0
KA Pollard,168,3411,2315,220,221,128,58.76112311015119,147.34,26.65,19.05
KAJ Roach,1,10,9,1,0,1,69.20555555555556,111.11,10.0,11.11
KB Arun Karthik,8,51,51,4,1,5,66.03117647058824,100.0,10.2,9.8
KC Cariappa,5,24,21,0,2,3,79.03857142857143,114.29,8.0,9.52
KC Sangakkara,68,1680,1385,195,26,69,33.34458483754513,121.3,24.35,15.96
KD Karthik,233,4824,3570,462,161,187,48.24814285714285,135.13,25.8,17.45
KH Pandya,121,1930,1448,166,74,83,52.51772099447514,133.29,23.25,16.57
KJ Abbott,3,13,8,0,1,1,84.54625,162.5,13.0,12.5
KK Ahmed,6,2,9,0,0,5,93.07777777777778,22.22,0.4,0.0
KK Cooper,12,115,67,9,8,9,62.67014925373134,171.64,12.78,25.37
KK Nair,78,1707,1301,187,49,74,36.52269792467333,131.21,23.07,18.14
KL Nagarkoti,7,22,33,1,0,4,73.9039393939394,66.67,5.5,3.03
KL Rahul,149,5818,4175,509,238,129,31.33585149700599,139.35,45.1,17.89
KM Asif,1,0,2,0,0,1,70.285,0.0,0.0,0.0
KM Jadhav,81,1191,969,100,40,54,54.640846233230135,122.91,22.06,14.45
KMA Paul,5,18,24,1,1,4,68.05958333333334,75.0,4.5,8.33
KMDN Kulasekara,1,5,3,1,0,0,92.64999999999999,166.67,5.0,33.33
KP Appanna,3,2,4,0,0,1,96.5,50.0,2.0,0.0
KP Pietersen,36,1000,742,91,40,28,32.54901617250674,134.77,35.71,17.65
KR Mayers,13,373,258,38,21,13,20.562093023255816,144.57,28.69,22.87
KR Sen,1,0,3,0,0,0,97.0,0.0,0.0,0.0
KS Bharat,8,198,161,12,8,7,33.34167701863354,122.98,28.29,12.42
KS Rathore,1,0,5,0,0,1,33.484,0.0,0.0,0.0
KS Sharma,3,16,25,1,0,3,25.0792,64.0,5.33,4.0
KS Williamson,76,2128,1692,187,64,59,37.21489952718676,125.77,36.07,14.83
KT Maphaka,1,8,2,2,0,0,91.0,400.0,8.0,100.0
KV Sharma,40,352,295,20,17,25,71.72813559322033,119.32,14.08,12.54
KW Richardson,4,36,39,2,1,3,69.74564102564102,92.31,12.0,7.69
Kamran Akmal,6,124,77,12,8,4,41.13688311688312,161.04,31.0,25.97
Kamran Khan,1,3,5,0,0,1,83.942,60.0,3.0,0.0
Karanveer Singh,4,12,17,1,0,1,88.20529411764706,70.59,12.0,5.88
Kartik Sharma,11,295,216,24,16,9,41.77231481481481,136.57,32.78,18.52
Kartik Tyagi,9,24,26,2,1,7,87.89192307692308,92.31,3.43,11.54
Krish Bhagat,2,10,21,0,0,1,83.68428571428572,47.62,10.0,0.0
Kuldeep Yadav,41,210,253,18,3,15,84.71739130434783,83.0,14.0,8.3
Kumar Kushagra,4,21,21,3,0,4,41.21809523809524,100.0,5.25,14.29
L Ablish,1,0,2,0,0,0,95.95,0.0,0.0,0.0
L Balaji,13,36,49,2,1,7,85.24244897959184,73.47,5.14,6.12
L Ngidi,4,4,8,0,0,2,94.98125,50.0,2.0,0.0
L Ronchi,5,34,34,6,1,3,9.871176470588235,100.0,11.33,20.59
L Wood,1,9,3,0,1,0,94.0,300.0,9.0,33.33
LA Carseldine,5,80,66,11,0,3,40.26166666666666,121.21,26.67,16.67
LA Pomersbach,16,301,243,25,13,11,38.666008230452675,123.87,27.36,15.64
LB Williams,1,1,2,0,0,0,92.37,50.0,1.0,0.0
LE Plunkett,2,1,3,0,0,1,68.16666666666667,33.33,1.0,0.0
LG Pretorius,2,7,8,0,0,1,39.48875,87.5,7.0,0.0
LH Ferguson,8,68,46,6,2,4,84.15391304347825,147.83,17.0,17.39
LJ Wright,5,102,59,15,3,4,56.778474576271186,172.88,25.5,30.51
LMP Simmons,29,1079,848,109,44,27,23.17181603773585,127.24,39.96,18.04
LPC Silva,3,40,26,5,1,2,52.98384615384615,153.85,20.0,23.08
LR Shukla,33,405,350,33,16,29,58.92791428571429,115.71,13.97,14.0
LRPL Taylor,54,1010,818,66,45,41,45.89687041564792,123.47,24.63,13.57
LS Livingstone,49,1050,680,68,75,41,44.571014705882355,154.41,25.61,21.03
Lalit Yadav,21,294,285,26,6,15,53.09624561403509,103.16,19.6,11.23
Liton Das,1,4,4,1,0,1,0.6575,100.0,4.0,25.0
M Ashwin,12,35,50,2,1,8,76.9312,70.0,4.38,6.0
M Jansen,25,192,174,9,9,16,72.33471264367816,110.34,12.0,10.34
M Kaif,22,259,249,22,6,16,43.59461847389558,104.02,16.19,11.24
M Kartik,14,112,107,7,1,7,79.12990654205608,104.67,16.0,7.48
M Klinger,4,72,75,9,0,4,18.564666666666664,96.0,18.0,12.0
M Manhas,38,514,470,43,10,24,51.88523404255319,109.36,21.42,11.28
M Markande,10,48,42,5,1,3,84.70190476190476,114.29,16.0,14.29
M Morkel,20,122,89,10,5,11,86.81258426966292,137.08,11.09,16.85
M Muralitharan,9,20,29,1,0,6,91.12620689655172,68.97,3.33,3.45
M Ntini,2,11,18,2,0,1,90.30666666666667,61.11,11.0,11.11
M Prasidh Krishna,7,9,24,0,0,2,89.61458333333333,37.5,4.5,0.0
M Rawat,11,55,69,4,1,5,76.13956521739131,79.71,11.0,7.25
M Shahrukh Khan,53,775,523,49,52,33,57.728011472275334,148.18,23.48,19.31
M Theekshana,6,17,34,0,1,3,85.80529411764707,50.0,5.67,2.94
M Tiwari,2,21,12,2,1,1,69.40166666666667,175.0,21.0,25.0
M Vijay,105,2619,2147,247,91,96,22.68709827666511,121.98,27.28,15.74
M Vohra,51,1083,828,104,43,48,23.4012077294686,130.8,22.56,17.75
M de Lange,1,1,2,0,0,1,81.055,50.0,1.0,0.0
MA Agarwal,125,2746,2053,272,100,118,28.03746712128592,133.76,23.27,18.12
MA Khote,3,24,22,2,1,2,77.56045454545455,109.09,12.0,13.64
MA Starc,22,111,121,11,0,11,77.42371900826447,91.74,10.09,9.09
MA Wood,3,12,8,1,1,2,77.8125,150.0,6.0,25.0
MC Henriques,54,996,785,86,28,38,41.844713375796175,126.88,26.21,14.52
MC Juneja,7,125,128,11,1,7,44.92046875,97.66,17.86,9.38
MD Choudhary,10,170,120,11,12,6,66.52583333333334,141.67,28.33,19.17
MD Mishra,17,235,206,24,8,15,32.255825242718444,114.08,15.67,15.53
MD Shanaka,6,81,60,4,5,4,56.4985,135.0,20.25,15.0
MDKJ Perera,2,14,13,3,0,2,2.2253846153846153,107.69,7.0,23.08
MEK Hussey,58,1976,1610,198,52,52,25.912695652173916,122.73,38.0,15.53
MF Maharoof,14,177,123,12,9,10,64.58512195121952,143.9,17.7,17.07
MG Bracewell,4,58,47,6,1,2,52.24446808510638,123.4,29.0,14.89
MG Johnson,28,166,163,10,7,14,80.51319018404908,101.84,11.86,10.43
MJ Clarke,6,98,94,12,0,5,27.520425531914896,104.26,19.6,12.77
MJ Guptill,13,265,196,24,14,12,12.745204081632652,135.2,22.08,19.39
MJ Henry,2,7,10,1,0,2,82.783,70.0,3.5,10.0
MJ Lumb,12,278,191,45,6,10,18.409842931937174,145.55,27.8,26.7
MJ McClenaghan,19,84,69,5,7,11,78.24000000000001,121.74,7.64,17.39
MJ Owen,1,0,2,0,0,1,8.945,0.0,0.0,0.0
MJ Santner,21,135,122,9,6,8,66.87188524590164,110.66,16.88,12.3
MJ Suthar,1,1,2,0,0,1,83.685,50.0,1.0,0.0
MK Lomror,35,526,372,33,30,29,53.37196236559139,141.4,18.14,16.94
MK Pandey,162,4002,3288,346,117,136,37.0059093673966,121.72,29.43,14.08
MK Tiwary,83,1685,1444,154,40,60,45.76501385041551,116.69,28.08,13.43
ML Hayden,32,1096,799,119,44,27,24.215932415519397,137.17,40.59,20.4
MM Ali,59,1165,831,95,67,50,39.39576413959085,140.19,23.3,19.49
MM Patel,12,39,41,5,0,5,90.75926829268293,95.12,7.8,12.2
MM Sharma,30,125,136,9,4,17,79.53625,91.91,7.35,9.56
MN Samuels,14,161,172,9,7,12,40.79319767441861,93.6,13.42,9.3
MN van Wyk,5,163,131,18,1,3,43.39580152671756,124.43,54.33,14.5
MP Breetzke,1,14,12,1,1,1,2.8491666666666666,116.67,14.0,16.67
MP Stoinis,108,2228,1511,178,117,78,49.40099272005294,147.45,28.56,19.52
MP Yadav,1,5,5,1,0,1,84.306,100.0,5.0,20.0
MR Marsh,62,1847,1245,153,111,59,32.4339437751004,148.35,31.31,21.2
MS Bhandage,1,1,4,0,0,1,49.735,25.0,1.0,0.0
MS Bisla,39,794,700,92,23,37,26.33782857142857,113.43,21.46,16.43
MS Dhoni,241,5409,3935,375,261,158,55.942030495552736,137.46,34.23,16.16
MS Gony,15,99,70,6,8,9,73.39942857142857,141.43,11.0,20.0
MS Wade,14,183,177,23,2,13,26.75310734463277,103.39,14.08,14.12
MV Boucher,23,387,307,32,12,15,55.05791530944625,126.06,25.8,14.33
MW Short,9,175,142,21,5,9,28.13605633802817,123.24,19.44,18.31
Mandeep Singh,97,1705,1385,176,38,84,36.11173285198556,123.1,20.3,15.45
Mashrafe Mortaza,1,2,2,0,0,0,75.0,100.0,2.0,0.0
Mayank Dagar,1,0,1,0,0,0,82.94,0.0,0.0,0.0
Misbah-ul-Haq,8,117,81,10,6,9,46.35246913580247,144.44,13.0,19.75
Mohammad Ashraful,1,2,10,0,0,1,17.893,20.0,2.0,0.0
Mohammad Asif,2,3,6,0,0,2,89.76166666666667,50.0,1.5,0.0
Mohammad Hafeez,8,64,83,7,2,8,35.56855421686747,77.11,8.0,10.84
Mohammad Nabi,19,215,151,18,11,17,58.570860927152324,142.38,12.65,19.21
Mohammed Shami,34,115,111,9,5,19,83.26342342342342,103.6,6.05,12.61
Mohammed Siraj,22,112,124,10,4,10,90.5866129032258,90.32,11.2,11.29
Mohit Rathee,1,1,2,0,0,0,89.74000000000001,50.0,1.0,0.0
Mohsin Khan,7,25,28,2,1,4,87.51464285714285,89.29,6.25,10.71
Mujeeb Ur Rahman,6,12,15,2,0,3,83.766,80.0,4.0,13.33
Mukesh Choudhary,3,8,8,1,0,0,81.95125,100.0,8.0,12.5
Mukesh Kumar,5,10,18,0,0,1,92.19333333333333,55.56,10.0,0.0
Musheer Khan,1,0,3,0,0,1,51.04999999999999,0.0,0.0,0.0
Mustafizur Rahman,7,13,24,0,1,2,93.73875,54.17,6.5,4.17
N Burger,2,13,8,0,1,0,92.79625,162.5,13.0,12.5
N Jagadeesan,10,162,147,21,2,9,33.60278911564625,110.2,18.0,15.65
N Pooran,100,2522,1538,168,186,82,48.41001950585176,163.98,30.76,23.02
N Rana,121,3063,2228,286,150,112,38.03563734290844,137.48,27.35,19.57
N Saini,10,140,140,16,0,11,25.382357142857146,100.0,12.73,11.43
N Sindhu,3,38,29,3,2,3,32.942068965517244,131.03,12.67,17.24
N Wadhera,37,783,557,64,43,32,47.65432675044883,140.57,24.47,19.21
NA Saini,6,31,35,3,0,3,83.32028571428572,88.57,10.33,8.57
ND Doshi,1,0,13,0,0,1,87.71461538461539,0.0,0.0,0.0
NJ Maddinson,3,20,21,4,0,3,20.034285714285716,95.24,6.67,19.05
NJ Rimmington,1,1,1,0,0,0,90.0,100.0,1.0,0.0
NL McCullum,2,26,22,0,1,3,72.32090909090908,118.18,8.67,4.55
NLTC Perera,30,421,306,23,26,24,59.913039215686275,137.58,17.54,16.01
NM Coulter-Nile,16,82,72,7,4,10,75.69847222222222,113.89,8.2,15.28
NS Naik,4,31,50,2,0,4,45.528999999999996,62.0,7.75,4.0
NT Ellis,5,19,25,0,1,4,75.0984,76.0,4.75,4.0
NV Ojha,94,1543,1308,120,78,74,37.908004587155965,117.97,20.85,15.14
Naman Dhir,33,710,432,68,36,26,48.41798611111111,164.35,27.31,24.07
Navdeep Saini,1,2,2,0,0,1,80.0,100.0,2.0,0.0
Naveen-ul-Haq,4,18,24,2,0,2,85.98791666666666,75.0,9.0,8.33
Niraj Patel,6,121,119,14,1,5,45.605294117647055,101.68,24.2,12.61
Nithish Kumar Reddy,34,748,520,47,44,27,45.59032692307692,143.85,27.7,17.5
Noor Ahmad,15,31,58,2,1,11,81.78913793103449,53.45,2.82,5.17
OA Shah,22,505,388,34,23,13,51.57582474226804,130.15,38.85,14.69
OC McCoy,1,8,5,0,1,0,81.31800000000001,160.0,8.0,20.0
OF Smith,6,51,44,1,5,3,69.52590909090908,115.91,17.0,13.64
P Awana,5,5,14,0,0,3,91.26142857142858,35.71,1.67,0.0
P Chopra,1,8,6,2,0,1,47.06,133.33,8.0,33.33
P Dogra,12,127,138,4,5,12,62.23623188405797,92.03,10.58,6.52
P Dubey,2,23,33,2,0,1,68.77090909090909,69.7,23.0,6.06
P Kumar,57,338,312,22,17,34,80.44945512820513,108.33,9.94,12.5
P Negi,35,364,288,27,16,26,64.93638888888889,126.39,14.0,14.93
P Nissanka,10,277,173,33,12,9,26.56907514450867,160.12,30.78,26.01
P Parameswaran,2,1,2,0,0,0,96.0,50.0,1.0,0.0
P Ray Barman,1,19,24,2,0,1,78.7725,79.17,19.0,8.33
P Sahu,2,19,13,1,1,0,89.11076923076924,146.15,19.0,15.38
P Simran Singh,65,1848,1184,195,92,64,27.04487331081081,156.08,28.88,24.24
PA Patel,136,2841,2350,364,49,127,23.359523404255317,120.89,22.37,17.57
PA Reddy,10,164,160,15,2,10,22.893812500000003,102.5,16.4,10.62
PBB Rajapaksa,13,276,190,22,15,12,29.78457894736842,145.26,23.0,19.47
PC Valthaty,23,499,414,60,20,22,23.645144927536233,120.53,22.68,19.32
PD Collingwood,7,203,156,9,13,4,48.672435897435896,130.13,50.75,14.1
PD Salt,40,1253,715,137,67,38,21.724783216783216,175.24,32.97,28.53
PHKD Mendis,5,91,68,7,2,4,49.14529411764706,133.82,22.75,13.24
PJ Cummins,50,636,417,40,44,35,73.18515587529976,152.52,18.17,20.14
PJ Sangwan,14,26,44,1,0,8,78.50363636363636,59.09,3.25,2.27
PK Garg,19,269,238,15,9,18,43.06659663865546,113.03,14.94,10.08
PM Sarvesh Kumar,1,1,2,0,0,0,97.0,50.0,1.0,0.0
PN Mankad,5,97,72,13,2,3,36.51541666666667,134.72,32.33,20.83
PP Chawla,86,623,561,56,20,57,69.55636363636364,111.05,10.93,13.55
PP Hinge,2,3,9,0,0,1,80.35333333333334,33.33,3.0,0.0
PP Ojha,19,16,44,0,0,10,90.40159090909091,36.36,1.6,0.0
PP Shaw,79,1890,1279,238,61,77,20.324902267396403,147.77,24.55,23.38
PR Shah,9,91,90,9,2,8,42.59433333333333,101.11,11.38,12.22
PR Veer,5,90,67,10,3,2,70.65432835820896,134.33,45.0,19.4
PSP Handscomb,1,6,12,0,0,1,36.755,50.0,6.0,0.0
PV Tambe,6,18,38,1,0,1,92.59052631578948,47.37,18.0,2.63
PVD Chameera,11,53,45,3,3,3,84.55466666666666,117.78,17.67,13.33
PVSN Raju,1,1,1,0,0,0,95.0,100.0,1.0,0.0
PWA Mulder,1,9,11,1,0,1,80.74272727272727,81.82,9.0,9.09
PWH de Silva,19,81,88,7,1,15,70.72215909090909,92.05,5.4,9.09
Pankaj Singh,5,7,12,0,0,2,90.65416666666665,58.33,3.5,0.0
Parvez Rasool,4,17,20,1,0,2,84.92,85.0,8.5,5.0
Prince Yadav,3,5,11,0,0,0,94.05181818181818,45.45,5.0,0.0
Priyansh Arya,31,909,469,87,63,31,19.6626012793177,193.82,29.32,31.98
Q de Kock,118,3436,2546,334,142,110,24.986084053417123,134.96,31.24,18.7
R Ashwin,93,832,703,64,29,62,60.41056899004267,118.35,13.42,13.23
R Bhatia,47,342,284,24,13,29,67.6075,120.42,11.79,13.03
R Bishnoi,3,19,17,1,2,3,22.288235294117644,111.76,6.33,17.65
R Dhawan,22,210,187,18,7,10,69.25213903743315,112.3,21.0,13.37
R Dravid,82,2173,1878,269,28,77,31.489584664536743,115.71,28.22,15.81
R McLaren,13,159,171,14,1,8,59.187485380116954,92.98,19.88,8.77
R Minz,4,12,19,1,0,3,55.74578947368421,63.16,4.0,5.26
R Ninan,1,3,5,0,0,1,92.94800000000001,60.0,3.0,0.0
R Parag,84,1836,1278,132,105,71,48.31366979655712,143.66,25.86,18.54
R Powell,30,555,389,38,38,25,57.507172236503855,142.67,22.2,19.54
R Rampaul,7,50,49,3,2,5,76.48367346938775,102.04,10.0,10.2
R Ravindra,18,408,284,39,16,16,29.14644366197183,143.66,25.5,19.37
R Sai Kishore,4,18,16,0,2,3,90.845,112.5,6.0,12.5
R Sanjay Yadav,1,0,2,0,0,1,67.175,0.0,0.0,0.0
R Sathish,24,269,230,22,6,16,58.041043478260875,116.96,16.81,12.17
R Sharma,19,66,75,5,3,11,82.27159999999999,88.0,6.0,10.67
R Shepherd,19,262,150,18,21,11,69.66813333333333,174.67,23.82,26.0
R Shukla,4,19,23,2,0,2,88.1704347826087,82.61,9.5,8.7
R Smaran,3,18,21,3,0,2,39.0852380952381,85.71,9.0,14.29
R Tewatia,88,1207,881,99,57,54,65.48041997729852,137.0,22.35,17.71
R Vinay Kumar,42,310,274,21,9,26,79.08759124087591,113.14,11.92,10.95
RA Bawa,4,35,32,2,0,3,56.1125,109.38,11.67,6.25
RA Jadeja,203,3452,2641,258,120,127,58.133180613404015,130.71,27.18,14.31
RA Tripathi,98,2268,1655,225,84,86,32.1853172205438,137.04,26.37,18.67
RD Chahar,22,129,124,13,5,16,82.95217741935484,104.03,8.06,14.52
RD Gaikwad,84,2827,2083,258,107,73,25.746754680748918,135.72,38.73,17.52
RD Rickelton,26,836,495,78,55,24,22.530565656565656,168.89,34.83,26.87
RE Levi,6,83,73,10,4,6,16.58013698630137,113.7,13.83,19.18
RE van der Merwe,15,159,141,11,8,11,48.84758865248227,112.77,14.45,13.48
RG More,1,2,2,0,0,0,95.0,100.0,2.0,0.0
RG Sharma,275,7286,5496,657,321,254,34.628460698689956,132.57,28.69,17.79
RJ Gleeson,1,2,2,0,0,0,95.0,100.0,2.0,0.0
RJ Harris,21,116,111,6,3,12,79.91747747747748,104.5,9.67,8.11
RJ Peterson,5,32,30,3,1,3,53.67433333333334,106.67,10.67,13.33
RJ Quiney,7,103,102,12,3,7,25.342745098039217,100.98,14.71,14.71
RJW Topley,1,3,6,0,0,0,93.575,50.0,3.0,0.0
RK Bhui,4,10,26,0,0,4,41.822307692307696,38.46,2.5,0.0
RK Singh,62,1382,948,115,65,43,58.56666666666666,145.78,32.14,18.99
RM Patidar,50,1502,932,100,100,47,39.24980686695279,161.16,31.96,21.46
RN ten Doeschate,21,326,235,26,15,17,57.37621276595745,138.72,19.18,17.45
RP Meredith,2,0,3,0,0,1,96.29666666666667,0.0,0.0,0.0
RP Singh,28,52,76,2,1,15,85.01947368421054,68.42,3.47,3.95
RR Bhatkal,1,0,2,0,0,2,82.5,0.0,0.0,0.0
RR Pant,136,3863,2634,350,180,116,43.63796507213363,146.66,33.3,20.12
RR Powar,9,67,64,6,1,3,82.8115625,104.69,22.33,10.94
RR Raje,5,20,18,1,1,1,87.95111111111112,111.11,20.0,11.11
RR Rossouw,22,471,306,45,25,21,40.58486928104575,153.92,22.43,22.88
RR Sarwan,4,73,75,6,1,3,32.77,97.33,24.33,9.33
RS Bopara,22,531,453,39,16,19,38.7826931567329,117.22,27.95,12.14
RS Gavaskar,1,2,8,0,0,1,59.3425,25.0,2.0,0.0
RS Sodhi,1,4,2,1,0,0,43.445,200.0,4.0,50.0
RT Ponting,9,91,128,5,2,8,23.054765625,71.09,11.38,5.47
RV Gomez,9,50,51,5,1,7,71.53529411764707,98.04,7.14,11.76
RV Patel,7,80,73,6,2,5,64.96232876712328,109.59,16.0,10.96
RV Uthappa,197,4942,3784,480,182,182,31.92642441860465,130.6,27.15,17.49
Rahmanullah Gurbaz,18,357,268,34,21,17,22.08783582089552,133.21,21.0,20.52
Ramandeep Singh,26,293,203,17,18,16,65.27812807881774,144.33,18.31,17.24
Rashid Khan,70,611,388,43,41,45,75.77904639175257,157.47,13.58,21.65
Rasikh Salam,7,43,42,5,0,5,79.0552380952381,102.38,8.6,11.9
Ravi Bishnoi,18,45,69,2,2,11,80.85623188405798,65.22,4.09,5.8
Ravi Singh,1,4,2,1,0,1,56.84,200.0,4.0,50.0
S Anirudha,12,136,112,9,7,8,44.295,121.43,17.0,14.29
S Aravind,10,59,57,7,0,3,83.65684210526317,103.51,19.67,12.28
S Arora,10,121,77,9,9,6,57.67012987012988,157.14,20.17,23.38
S Badree,5,13,23,0,0,5,69.69304347826088,56.52,2.6,0.0
S Badrinath,65,1438,1208,154,28,48,42.87173013245033,119.04,29.96,15.07
S Chanderpaul,3,25,31,4,0,3,18.431935483870966,80.65,8.33,12.9
S Dhawan,221,6736,5304,763,152,193,25.74585972850679,127.0,34.9,17.25
S Dube,87,2114,1460,132,135,68,51.373034246575344,144.79,31.09,18.29
S Gopal,22,180,169,19,2,13,71.90313609467457,106.51,13.85,12.43
S Kaul,9,20,36,1,0,3,86.79972222222221,55.56,6.67,2.78
S Kaushik,1,0,1,0,0,1,95.95,0.0,0.0,0.0
S Ladda,2,0,9,0,0,2,88.01666666666667,0.0,0.0,0.0
S Lamichhane,1,0,1,0,0,1,97.0,0.0,0.0,0.0
S Nadeem,20,39,87,2,0,16,83.36586206896551,44.83,2.44,2.3
S Narwal,4,37,27,6,0,4,73.30666666666667,137.04,9.25,22.22
S Rana,8,87,79,9,1,5,60.42569620253165,110.13,17.4,12.66
S Randiv,1,2,4,0,0,1,91.7,50.0,2.0,0.0
S Sohal,20,368,289,34,18,18,21.635570934256055,127.34,20.44,17.99
S Sreesanth,12,34,55,6,0,3,89.24436363636363,61.82,11.33,10.91
S Sriram,2,31,36,3,0,2,35.84972222222222,86.11,15.5,8.33
S Tyagi,1,3,4,0,0,0,96.475,75.0,3.0,0.0
S Vidyut,8,145,109,21,3,8,20.83577981651376,133.03,18.12,22.02
SA Abbott,3,22,18,1,2,2,69.77111111111111,122.22,11.0,16.67
SA Asnodkar,19,423,337,56,10,19,23.20807121661721,125.52,22.26,19.58
SA Yadav,164,4562,3072,480,177,136,39.191640625,148.5,33.54,21.39
SB Bangar,7,49,58,1,3,6,65.06586206896552,84.48,8.17,6.9
SB Dubey,17,219,142,17,13,11,66.77894366197184,154.23,19.91,21.13
SB Jakati,5,28,29,3,0,2,87.90517241379311,96.55,14.0,10.34
SB Joshi,2,6,14,0,0,2,74.88071428571428,42.86,3.0,0.0
SB Styris,10,131,132,10,3,7,42.18386363636364,99.24,18.71,9.85
SB Wagh,2,2,3,0,0,2,84.07333333333334,66.67,1.0,0.0
SC Ganguly,56,1343,1257,137,41,54,30.858305489260143,106.84,24.87,14.16
SD Chitnis,8,93,88,10,1,7,54.051818181818184,105.68,13.29,12.5
SD Hope,9,183,122,12,12,8,27.884754098360656,150.0,22.88,19.67
SD Lad,1,15,13,1,1,1,29.64923076923077,115.38,15.0,15.38
SE Bond,1,1,2,0,0,1,71.945,50.0,1.0,0.0
SE Marsh,69,2473,1866,267,77,65,31.601720257234724,132.53,38.05,18.44
SE Rutherford,27,519,362,30,38,23,55.82201657458563,143.37,22.57,18.78
SH Johnson,6,8,12,1,0,1,88.81166666666667,66.67,8.0,8.33
SJ Srivastava,4,5,5,0,0,1,92.4,100.0,5.0,0.0
SK Raina,200,5513,4025,504,203,167,33.97264099378882,136.97,33.01,17.57
SK Rasheed,5,71,63,9,2,5,17.27047619047619,112.7,14.2,17.46
SK Trivedi,14,42,58,3,1,8,91.7848275862069,72.41,5.25,6.9
SK Warne,27,197,213,14,6,19,70.11295774647887,92.49,10.37,9.39
SL Malinga,20,88,99,6,5,12,88.00626262626264,88.89,7.33,11.11
SM Curran,53,986,725,83,41,41,49.06131034482758,136.0,24.05,17.1
SM Harwood,2,8,13,0,0,0,66.74538461538462,61.54,8.0,0.0
SM Katich,11,240,185,26,8,10,35.39264864864865,129.73,24.0,18.38
SM Pollock,8,147,111,12,8,8,57.91891891891892,132.43,18.38,18.02
SMSM Senanayake,3,10,16,0,0,1,88.96875,62.5,10.0,0.0
SN Khan,43,735,538,84,20,35,48.492118959107806,136.62,21.0,19.33
SN Thakur,42,348,262,32,13,27,70.40614503816794,132.82,12.89,17.18
SO Hetmyer,85,1564,1044,99,96,59,57.66808429118774,149.81,26.51,18.68
SP Fleming,10,192,162,26,3,9,22.0420987654321,118.52,21.33,17.9
SP Goswami,21,292,293,32,3,20,24.729556313993175,99.66,14.6,11.95
SP Jackson,8,61,57,5,1,6,54.31561403508773,107.02,10.17,10.53
SP Narine,122,1818,1099,191,120,98,29.24215650591447,165.42,18.55,28.3
SPD Smith,93,2461,1931,222,58,78,41.66898498187467,127.45,31.55,14.5
SR Dubey,1,4,2,1,0,0,94.89,200.0,4.0,50.0
SR Tendulkar,78,2331,1941,296,29,71,26.09049459041731,120.09,32.83,16.74
SR Watson,141,3864,2801,374,190,125,29.416811852909678,137.95,30.91,20.14
SS Cottrell,1,0,2,0,0,1,89.97,0.0,0.0,0.0
SS Iyer,144,4223,3085,353,182,123,36.41999351701783,136.89,34.33,17.34
SS Prabhudessai,10,126,105,11,4,9,53.10552380952381,120.0,14.0,14.29
SS Shaikh,1,6,7,1,0,0,43.36714285714286,85.71,6.0,14.29
SS Tiwary,73,1489,1235,111,50,49,45.816445344129555,120.57,30.39,13.04
ST Jayasuriya,30,760,529,84,38,29,18.42608695652174,143.67,26.21,23.06
STR Binny,66,879,682,66,35,43,53.20932551319648,128.89,20.44,14.81
SU Parakh,4,46,33,5,2,4,28.39,139.39,11.5,21.21
SV Samson,185,5169,3653,431,243,162,34.45730906104572,141.5,31.91,18.45
SW Billings,27,497,385,40,19,26,41.231376623376626,129.09,19.12,15.32
SW Tait,5,23,26,1,1,3,86.16499999999999,88.46,7.67,7.69
SZ Mulani,1,1,1,0,0,0,97.0,100.0,1.0,0.0
Sachin Baby,11,142,115,11,5,10,59.27234782608696,123.48,14.2,13.91
Salman Butt,7,192,160,30,2,7,22.1361875,120.0,27.43,20.0
Sameer Rizvi,18,424,293,30,26,14,49.94668941979522,144.71,30.29,19.11
Sandeep Sharma,26,59,74,4,0,5,90.27864864864864,79.73,11.8,5.41
Sanvir Singh,5,25,21,2,1,2,65.16809523809523,119.05,12.5,14.29
Saurav Chauhan,3,18,15,1,1,3,65.20933333333333,120.0,6.0,13.33
Sediqullah Atal,1,22,16,0,2,1,45.55,137.5,22.0,12.5
Shahbaz Ahmed,40,602,487,33,28,30,60.545913757700205,123.61,20.07,12.53
Shahid Afridi,9,81,46,7,6,8,38.84608695652174,176.09,10.12,28.26
Shakib Al Hasan,52,788,635,72,21,39,50.65469291338582,124.09,20.21,14.65
Shashank Singh,42,905,560,67,51,24,61.63739285714286,161.61,37.71,21.07
Shivam Mavi,11,51,56,4,2,9,85.9519642857143,91.07,5.67,10.71
Shivam Sharma,2,5,3,1,0,1,86.66666666666667,166.67,5.0,33.33
Shivam Singh,1,2,3,0,0,0,74.12333333333333,66.67,2.0,0.0
Shivang Kumar,5,26,22,3,1,5,78.83363636363636,118.18,5.2,18.18
Shoaib Ahmed,3,1,6,0,0,2,81.64833333333333,16.67,0.5,0.0
Shoaib Akhtar,1,2,7,0,0,1,76.42714285714285,28.57,2.0,0.0
Shoaib Malik,5,51,46,5,0,4,38.65217391304348,110.87,12.75,10.87
Shubman Gill,127,4470,3155,427,149,109,29.605083993660855,141.68,41.01,18.26
Sikandar Raza,9,182,136,12,8,7,55.70823529411764,133.82,26.0,14.71
Simarjeet Singh,6,10,15,0,0,3,83.26066666666667,66.67,3.33,0.0
Sohail Tanvir,5,35,28,3,1,3,51.53964285714286,125.0,11.67,14.29
Sumit Kumar,3,18,24,2,1,2,57.445,75.0,9.0,12.5
Sunny Gupta,1,0,1,0,0,1,86.79,0.0,0.0,0.0
Sunny Singh,5,43,31,6,1,4,52.41677419354839,138.71,10.75,22.58
Suryansh Shedge,10,165,101,9,12,7,55.633960396039605,163.37,23.57,20.79
Swapnil Singh,9,51,45,3,3,5,64.74222222222222,113.33,10.2,13.33
T Banton,2,18,20,1,1,2,25.773000000000003,90.0,9.0,10.0
T Dahiya,2,12,15,2,0,2,48.68733333333333,80.0,6.0,13.33
T Henderson,2,11,15,0,1,1,37.36466666666667,73.33,11.0,6.67
T Kohler-Cadmore,3,48,54,7,1,3,21.957222222222224,88.89,16.0,14.81
T Kohli,3,11,19,0,1,3,26.149473684210527,57.89,3.67,5.26
T Natarajan,3,4,7,0,0,0,93.64142857142858,57.14,4.0,0.0
T Shamsi,1,2,4,0,0,0,86.4175,50.0,2.0,0.0
T Stubbs,43,980,647,69,46,23,58.20704791344667,151.47,42.61,17.77
T Taibu,3,31,26,3,0,3,49.43192307692308,119.23,10.33,11.54
T Thushara,4,12,18,0,0,2,84.13555555555556,66.67,6.0,0.0
TA Boult,25,93,85,5,4,9,80.26952941176471,109.41,10.33,10.59
TD Paine,2,10,26,0,0,2,21.758846153846154,38.46,5.0,0.0
TG Southee,19,120,106,8,4,11,77.5490566037736,113.21,10.91,11.32
TH David,57,1105,620,72,80,33,64.24727419354838,178.23,33.48,24.52
TK Curran,10,127,107,10,3,5,73.94598130841122,118.69,25.4,12.15
TL Seifert,6,45,41,6,1,6,23.218780487804878,109.76,7.5,17.07
TL Suman,39,676,573,55,26,30,41.38068062827225,117.98,22.53,14.14
TM Dilshan,50,1138,1001,137,24,41,31.41792207792208,113.69,27.76,16.08
TM Head,51,1533,899,169,77,47,22.48757508342603,170.52,32.62,27.36
TM Srivastava,3,8,11,0,0,1,53.57181818181818,72.73,8.0,0.0
TR Birt,5,75,57,9,2,5,62.85824561403509,131.58,15.0,19.3
TS Mills,5,8,14,0,1,4,76.495,57.14,2.0,7.14
TU Deshpande,10,54,36,2,4,4,92.53777777777778,150.0,13.5,16.67
Tanush Kotian,1,24,31,3,0,1,25.08677419354839,77.42,24.0,9.68
Tilak Varma,65,1849,1278,143,90,49,47.839186228482006,144.68,37.73,18.23
U Kaul,1,0,1,0,0,0,97.0,0.0,0.0,0.0
UA Birla,1,7,14,1,0,1,34.96857142857143,50.0,7.0,7.14
UBT Chand,20,300,299,32,9,20,30.65722408026756,100.33,15.0,13.71
UT Khawaja,6,127,99,14,3,5,23.967979797979797,128.28,25.4,17.17
UT Yadav,48,208,201,16,9,20,85.46721393034825,103.48,10.4,12.44
Umar Gul,4,39,19,1,5,3,79.05052631578947,205.26,13.0,31.58
Umran Malik,5,17,15,1,1,1,92.752,113.33,17.0,13.33
Urvil Patel,10,197,96,11,20,10,25.322708333333335,205.21,19.7,32.29
V Kohli,273,9208,6844,832,312,242,31.806307714786673,134.54,38.05,16.72
V Nigam,10,157,88,18,8,5,67.43818181818182,178.41,31.4,29.55
V Pratap Singh,1,0,1,0,0,1,92.37,0.0,0.0,0.0
V Sehwag,104,2713,1740,333,105,98,22.419367816091953,155.92,27.68,25.17
V Shankar,63,1227,947,87,48,46,47.46029567053854,129.57,26.67,14.26
V Suryavanshi,21,835,372,68,77,21,24.684408602150537,224.46,39.76,38.98
V Viyaskanth,1,7,5,0,0,0,90.792,140.0,7.0,0.0
VG Arora,11,10,27,0,0,4,78.01518518518517,37.04,2.5,0.0
VH Zol,2,29,26,3,1,2,16.78153846153846,111.54,14.5,15.38
VR Aaron,12,49,71,2,2,4,88.43098591549297,69.01,12.25,5.63
VR Iyer,60,1620,1157,150,74,52,34.67547104580812,140.02,31.15,19.36
VRV Singh,2,4,3,1,0,1,94.66666666666667,133.33,4.0,33.33
VS Malik,2,7,7,1,0,1,88.36285714285714,100.0,7.0,14.29
VS Yeligati,1,2,2,0,0,1,88.66499999999999,100.0,2.0,0.0
VVS Laxman,20,276,266,33,4,16,19.879135338345865,103.76,17.25,13.91
VY Mahesh,5,15,27,0,0,2,83.23296296296296,55.56,7.5,0.0
Vijaykumar Vyshak,6,16,16,0,1,2,90.46125,100.0,8.0,6.25
Virat Singh,2,15,26,1,0,3,38.61576923076923,57.69,5.0,3.85
Vishnu Vinod,7,70,64,4,4,6,42.66765625,109.38,11.67,12.5
Vivrant Sharma,1,69,47,9,2,1,15.39723404255319,146.81,69.0,23.4
W Jaffer,8,130,121,14,3,7,25.156528925619835,107.44,18.57,14.05
WA Mota,8,56,75,2,0,5,60.45026666666667,74.67,11.2,2.67
WD Parnell,13,65,80,4,1,10,63.73625,81.25,6.5,6.25
WG Jacks,26,595,377,50,37,21,32.746684350132625,157.82,28.33,23.08
WP Saha,143,2929,2296,295,87,118,33.747090592334494,127.57,24.82,16.64
WPUJC Vaas,11,75,72,2,2,7,72.26416666666667,104.17,10.71,5.56
Washington Sundar,56,809,600,73,27,40,56.33431666666667,134.83,20.23,16.67
X Thalaivan Sargunam,1,10,17,0,0,1,51.73470588235294,58.82,10.0,0.0
XC Bartlett,4,40,28,3,2,2,75.25178571428572,142.86,20.0,17.86
Y Gnaneswara Rao,1,19,17,3,0,1,30.452941176470592,111.76,19.0,17.65
Y Nagar,20,285,259,20,9,15,58.267065637065635,110.04,19.0,11.2
Y Prithvi Raj,1,0,1,0,0,0,82.37,0.0,0.0,0.0
Y Venugopal Rao,52,980,832,76,37,42,52.23587740384615,117.79,23.33,13.58
YA Abdulla,1,0,1,0,0,0,95.0,0.0,0.0,0.0
YBK Jaiswal,80,2551,1661,306,109,74,24.197158338350395,153.58,34.47,24.98
YK Pathan,153,3210,2233,263,161,110,46.969220779220784,143.75,29.18,18.99
YS Chahal,16,37,86,0,0,6,87.95755813953488,43.02,6.17,0.0
YV Dhull,3,16,23,1,0,3,47.86652173913044,69.57,5.33,4.35
YV Takawale,10,191,177,26,3,8,27.030790960451977,107.91,23.88,16.38
Yash Dayal,4,4,9,0,0,3,91.87777777777778,44.44,1.33,0.0
Yashpal Singh,4,47,65,5,0,4,38.104615384615386,72.31,11.75,7.69
Younis Khan,1,3,7,0,0,1,38.91142857142857,42.86,3.0,0.0
Yudhvir Singh,4,22,16,1,2,4,83.22,137.5,5.5,18.75
Yuvraj Singh,126,2742,2115,216,149,109,45.16318676122931,129.65,25.16,17.26
Z Khan,27,116,140,11,2,15,84.40442857142858,82.86,7.73,9.29
